Type,Name,Request Count,Failure Count,Median Response Time,Average Response Time,Min Response Time,Max Response Time,Average Content Size,Requests/s,Failures/s,50%,66%,75%,80%,90%,95%,98%,99%,99.9%,99.99%,100%
GET,GET /posts,691,0,31,33.15135600573825,19.265000009909272,203.3132999931695,27520.0,2.436535198271401,0.0,31,32,33,34,37,40,81,120,200,200,200
GET,GET /posts/1,333,0,31,42.19435225249626,21.099499994306825,2824.4109000079334,292.0,1.1741913473579981,0.0,31,32,33,34,37,42,77,110,2800,2800,2800
POST,POST /posts,354,0,55,58.29581186408999,47.11110000789631,224.87289999844506,84.0,1.2482394503445384,0.0,55,57,58,59,62,69,110,130,220,220,220
,Aggregated,1378,0,33,41.79609847600453,19.265000009909272,2824.4109000079334,13892.084179970972,4.8589659959739375,0.0,33,37,52,54,57,62,85,120,360,2800,2800
